id,first_name,last_name,email,gender,ip_address
1,Carolus,Bairstow,cbairstow0@netscape.com,Male,123.97.215.60
2,Paxon,Dorey,pdorey1@amazon.de,Male,242.97.47.90
3,Nedda,Surman,nsurman2@slate.com,Agender,179.50.79.14
4,Ronnica,Balkwill,rbalkwill3@parallels.com,Female,28.0.135.34
5,Ancell,Dumphries,adumphries4@newsvine.com,Non-binary,23.132.152.209
6,Helenelizabeth,Bril,hbril5@house.gov,Female,53.231.248.245
7,Wileen,Seary,wseary6@bing.com,Female,61.173.76.235
8,Juieta,Antoniak,jantoniak7@joomla.org,Female,7.226.101.42
9,Eddie,Kingston,ekingston8@nature.com,Non-binary,100.140.238.241
10,Austin,Matysik,amatysik9@fotki.com,Male,152.79.212.18
11,Amelia,Mongeot,amongeota@cam.ac.uk,Female,187.43.45.212
12,Hermina,Dew,hdewb@wordpress.org,Female,192.235.141.43
13,Tonie,De'Vere - Hunt,tdeverehuntc@eepurl.com,Female,41.245.142.55
14,Jourdain,Pellew,jpellewd@craigslist.org,Male,210.70.104.43
15,Dyna,Falkingham,dfalkinghame@virginia.edu,Female,20.36.171.176
16,Hewie,Matiashvili,hmatiashvilif@businesswire.com,Male,38.104.39.14
17,Kile,Stowte,kstowteg@slate.com,Male,5.239.28.169
18,Sile,Fitchet,sfitcheth@nytimes.com,Female,86.164.33.131
19,Gonzales,Moscone,gmosconei@facebook.com,Male,166.63.32.22
20,Clementine,Henderson,chendersonj@blog.com,Female,128.94.13.67
21,Germain,Bake,gbakek@issuu.com,Female,182.81.190.225
22,Mattheus,Wetheril,mwetherill@cafepress.com,Male,40.61.228.214
23,Rudiger,Meigh,rmeighm@wsj.com,Male,235.175.250.21
24,Edmon,Milne,emilnen@bigcartel.com,Male,252.186.151.153
25,Webster,Iacovini,wiacovinio@goo.ne.jp,Male,163.12.184.167
26,Wanids,Roseborough,wroseboroughp@elpais.com,Female,40.49.156.198
27,Saunderson,Rummer,srummerq@reuters.com,Male,15.89.122.170
28,Reube,Atack,ratackr@npr.org,Male,241.171.220.19
29,Regan,Brinsford,rbrinsfords@mapy.cz,Male,192.108.241.190
30,Alayne,Bragger,abraggert@mlb.com,Female,194.138.240.204
31,Peter,Fache,pfacheu@google.ca,Male,135.194.193.201
32,Berkeley,Saturley,bsaturleyv@wp.com,Male,12.237.245.246
33,Camey,Bontein,cbonteinw@wikimedia.org,Male,179.237.162.12
34,Catharina,Dyble,cdyblex@marketwatch.com,Female,143.207.72.80
35,Alberta,Cammock,acammocky@elpais.com,Female,185.2.244.218
36,Robb,Blackstock,rblackstockz@pbs.org,Bigender,43.199.245.65
37,Tessy,Brownsett,tbrownsett10@over-blog.com,Female,154.108.101.240
38,Bar,Sandhill,bsandhill11@hexun.com,Male,73.237.125.41
39,Keith,Mapis,kmapis12@huffingtonpost.com,Male,177.183.61.247
40,Daniel,Esslement,desslement13@squarespace.com,Male,152.131.36.55
41,Lyndsay,Edlyne,ledlyne14@symantec.com,Female,192.68.175.50
42,Audrie,Martineau,amartineau15@hugedomains.com,Female,3.182.232.251
43,Dov,Sonier,dsonier16@yellowpages.com,Male,138.39.198.107
44,Arnold,Hartzogs,ahartzogs17@dot.gov,Male,197.64.112.77
45,Elysia,De Biasi,edebiasi18@jugem.jp,Female,242.67.158.118
46,Bartolemo,Hearson,bhearson19@china.com.cn,Male,127.235.42.144
47,Gianna,Cozby,gcozby1a@networksolutions.com,Female,96.167.107.219
48,Joya,Bukowski,jbukowski1b@google.com,Genderfluid,37.47.64.192
49,Fitz,Geach,fgeach1c@upenn.edu,Male,3.249.239.199
50,Janeta,Lowne,jlowne1d@nymag.com,Non-binary,124.220.13.229
51,Nevsa,Davidsson,ndavidsson1e@so-net.ne.jp,Female,153.228.221.250
52,Gianina,Gregolotti,ggregolotti1f@etsy.com,Female,11.159.152.172
53,Cecilia,Petheridge,cpetheridge1g@earthlink.net,Female,228.119.31.196
54,Tracy,Monard,tmonard1h@seesaa.net,Male,55.93.38.50
55,Poppy,Jouhning,pjouhning1i@1und1.de,Female,89.187.69.45
56,Desirae,Liddyard,dliddyard1j@soup.io,Female,197.34.178.82
57,Korella,Crabbe,kcrabbe1k@seesaa.net,Female,151.240.165.140
58,Doloritas,Bernier,dbernier1l@nyu.edu,Female,121.195.180.165
59,Darren,Saur,dsaur1m@hc360.com,Male,216.118.87.246
60,Olivier,Rosenblath,orosenblath1n@cdbaby.com,Male,135.170.32.134
61,Olwen,Timlin,otimlin1o@nydailynews.com,Female,104.90.112.63
62,Hurlee,Reiglar,hreiglar1p@issuu.com,Male,18.30.248.57
63,Eden,Braksper,ebraksper1q@europa.eu,Female,15.77.126.35
64,Loretta,Tatlow,ltatlow1r@topsy.com,Female,53.79.196.175
65,Joaquin,Copper,jcopper1s@addthis.com,Genderfluid,68.110.37.8
66,Benny,Aslott,baslott1t@prweb.com,Male,16.43.68.48
67,Susannah,Thirtle,sthirtle1u@ehow.com,Female,155.88.246.15
68,Quillan,Simoneschi,qsimoneschi1v@51.la,Male,44.154.224.218
69,Ives,Throughton,ithroughton1w@tripadvisor.com,Male,90.114.208.243
70,Johnny,Keddie,jkeddie1x@goo.ne.jp,Genderqueer,246.5.146.187
71,Parry,Porker,pporker1y@nyu.edu,Male,233.192.25.80
72,Shane,Matt,smatt1z@cocolog-nifty.com,Female,139.66.119.234
73,Toddie,Pendrid,tpendrid20@ucla.edu,Male,89.174.37.98
74,Pinchas,Silverwood,psilverwood21@e-recht24.de,Male,103.87.91.97
75,Jacqueline,Bulcock,jbulcock22@mac.com,Female,218.83.36.63
76,Madelin,Corbett,mcorbett23@eepurl.com,Female,220.179.224.50
77,Bartholemy,Roseby,broseby24@ifeng.com,Male,52.243.148.189
78,Chandra,Lamberts,clamberts25@moonfruit.com,Non-binary,249.56.67.100
79,Jodie,Wallice,jwallice26@wix.com,Male,30.21.5.61
80,Camala,Caldaro,ccaldaro27@tumblr.com,Bigender,115.132.173.19
81,Tomlin,Kerridge,tkerridge28@ucsd.edu,Male,34.226.197.32
82,Randolf,Bruck,rbruck29@senate.gov,Male,65.212.243.116
83,Carolee,Blakden,cblakden2a@dell.com,Female,123.31.28.160
84,Arda,Pettengell,apettengell2b@vkontakte.ru,Female,212.177.40.41
85,Cornelia,Barthram,cbarthram2c@usgs.gov,Female,169.120.21.158
86,Pansie,Magowan,pmagowan2d@over-blog.com,Female,71.202.5.124
87,Silvester,Tailby,stailby2e@craigslist.org,Male,50.40.201.16
88,Vite,Drillot,vdrillot2f@networksolutions.com,Male,0.130.85.164
89,Klarika,Kettow,kkettow2g@google.pl,Genderfluid,71.177.189.245
90,Blanca,O'Conor,boconor2h@vinaora.com,Female,252.54.132.106
91,Sherlocke,Borkett,sborkett2i@odnoklassniki.ru,Male,160.44.157.125
92,Caro,Rennison,crennison2j@economist.com,Female,107.43.140.27
93,Hillel,Hearon,hhearon2k@un.org,Male,154.140.89.64
94,Bev,Crathorne,bcrathorne2l@squarespace.com,Male,83.15.109.43
95,Merlina,Bangiard,mbangiard2m@unc.edu,Female,98.58.82.111
96,Briana,Huonic,bhuonic2n@vk.com,Female,56.98.247.183
97,Ileane,Kevane,ikevane2o@yahoo.com,Female,99.135.40.198
98,Monika,Plaistowe,mplaistowe2p@hatena.ne.jp,Polygender,93.197.209.210
99,Nesta,Heardman,nheardman2q@surveymonkey.com,Female,102.40.37.44
100,Evan,Shiril,eshiril2r@sfgate.com,Male,151.70.104.237
101,Clerissa,Coster,ccoster2s@liveinternet.ru,Female,113.251.27.128
102,Nicky,Grahlman,ngrahlman2t@free.fr,Male,180.148.74.48
103,Kristi,Tokley,ktokley2u@globo.com,Female,123.217.58.60
104,Chaddy,Brigden,cbrigden2v@scientificamerican.com,Male,39.231.142.71
105,Hallsy,Reap,hreap2w@dropbox.com,Male,222.8.253.7
106,Bren,Avison,bavison2x@networkadvertising.org,Male,107.14.193.234
107,Leanora,Rosenberger,lrosenberger2y@sourceforge.net,Female,233.187.46.204
108,Reeba,Briztman,rbriztman2z@nasa.gov,Female,21.230.40.2
109,Rolland,Halton,rhalton30@multiply.com,Male,94.191.57.182
110,Ogdon,Strank,ostrank31@privacy.gov.au,Male,23.239.222.7
111,Rinaldo,Iacomo,riacomo32@timesonline.co.uk,Genderfluid,96.194.123.200
112,Gerhardine,Lebbern,glebbern33@examiner.com,Female,115.190.99.160
113,Kurtis,Ros,kros34@timesonline.co.uk,Male,229.17.222.153
114,Emalia,Antunes,eantunes35@yahoo.com,Female,199.122.179.161
115,Chlo,Rennie,crennie36@unesco.org,Female,131.215.205.171
116,Hattie,Langhorn,hlanghorn37@qq.com,Female,80.161.254.136
117,Barde,MacAiline,bmacailine38@usa.gov,Male,88.174.216.188
118,Jere,Mixture,jmixture39@joomla.org,Male,51.255.97.134
119,June,Longmaid,jlongmaid3a@sitemeter.com,Female,165.200.210.34
120,Callida,Andersson,candersson3b@usda.gov,Female,176.53.97.160
121,Antony,Capron,acapron3c@github.com,Male,96.113.234.182
122,Carling,Noah,cnoah3d@timesonline.co.uk,Male,1.226.246.193
123,Ardelle,Malyon,amalyon3e@deviantart.com,Female,54.160.130.136
124,Daphne,Jellman,djellman3f@nasa.gov,Female,203.59.199.149
125,Stephanie,Earngy,searngy3g@sourceforge.net,Female,188.168.173.205
126,Borg,Plester,bplester3h@usgs.gov,Male,60.48.233.50
127,Ralina,Charette,rcharette3i@paginegialle.it,Female,200.107.153.10
128,Mirabel,Osmar,mosmar3j@github.com,Polygender,47.171.201.154
129,Merna,Haysom,mhaysom3k@theguardian.com,Female,177.210.56.210
130,Paquito,Ovesen,povesen3l@msn.com,Male,32.205.11.162
131,Vinnie,Concannon,vconcannon3m@about.com,Female,141.109.229.11
132,Bessy,McCrisken,bmccrisken3n@amazon.co.uk,Female,86.194.255.181
133,Zachariah,Bohey,zbohey3o@topsy.com,Male,22.41.243.151
134,Monro,Glasgow,mglasgow3p@free.fr,Male,38.220.255.127
135,Goober,Leward,gleward3q@google.ca,Male,52.148.235.3
136,Netty,Surtees,nsurtees3r@cloudflare.com,Female,107.135.242.22
137,Susanne,Conochie,sconochie3s@hc360.com,Female,110.218.239.252
138,Augusto,Bachs,abachs3t@usnews.com,Male,13.60.197.99
139,Viviyan,Dewdney,vdewdney3u@comsenz.com,Female,133.169.14.255
140,Les,Hallbird,lhallbird3v@imgur.com,Non-binary,229.163.243.148
141,Chancey,Benedtti,cbenedtti3w@people.com.cn,Male,20.244.227.62
142,Hardy,Pien,hpien3x@washingtonpost.com,Male,185.74.154.196
143,Rooney,Bumpus,rbumpus3y@homestead.com,Male,18.247.206.99
144,Karrie,Swadlinge,kswadlinge3z@jiathis.com,Female,208.184.114.19
145,Jerrie,Ritchley,jritchley40@seesaa.net,Male,33.247.5.181
146,Fremont,Van Velde,fvanvelde41@ibm.com,Male,242.4.137.119
147,Zilvia,Sargant,zsargant42@seattletimes.com,Female,15.54.14.143
148,Budd,McMurtyr,bmcmurtyr43@youtu.be,Male,195.70.31.38
149,Tomkin,Suttie,tsuttie44@photobucket.com,Male,122.130.130.148
150,Carmine,Koba,ckoba45@usda.gov,Male,40.204.159.75
151,Myrwyn,Regi,mregi46@macromedia.com,Male,56.169.9.211
152,Terri,McPhillips,tmcphillips47@europa.eu,Female,17.215.48.85
153,Tucker,Brugger,tbrugger48@unicef.org,Male,215.255.144.251
154,Keelby,Mudie,kmudie49@mozilla.com,Male,151.220.16.127
155,Justinn,Grisard,jgrisard4a@state.tx.us,Female,249.160.185.35
156,Guglielmo,Lodemann,glodemann4b@goodreads.com,Male,173.68.243.82
157,Sorcha,Schwandermann,sschwandermann4c@wordpress.com,Female,51.20.112.73
158,Amabel,Eick,aeick4d@t-online.de,Female,63.67.220.119
159,Noella,Degli Abbati,ndegliabbati4e@pagesperso-orange.fr,Female,106.62.238.88
160,Bancroft,Middis,bmiddis4f@fotki.com,Male,191.60.7.21
161,Bradney,Rielly,brielly4g@ebay.com,Male,157.157.52.70
162,Ellswerth,Damant,edamant4h@usda.gov,Polygender,171.218.62.58
163,Amelina,Jerisch,ajerisch4i@nsw.gov.au,Female,202.167.37.136
164,Crin,Withinshaw,cwithinshaw4j@vkontakte.ru,Female,24.113.252.221
165,Ebenezer,Lintott,elintott4k@businesswire.com,Male,174.9.129.135
166,Gwendolin,Derbyshire,gderbyshire4l@salon.com,Female,47.200.186.206
167,Ritchie,Henaughan,rhenaughan4m@biblegateway.com,Male,46.137.60.216
168,Culley,Cornner,ccornner4n@posterous.com,Male,178.1.228.132
169,Bernete,Titmarsh,btitmarsh4o@virginia.edu,Female,189.31.16.1
170,Giraud,Dunstone,gdunstone4p@example.com,Male,197.25.134.81
171,Sheeree,Kermath,skermath4q@ustream.tv,Female,33.80.245.99
172,Kayley,Bartalot,kbartalot4r@zdnet.com,Female,56.14.58.224
173,Randie,Dourin,rdourin4s@slideshare.net,Female,84.210.120.160
174,Vinson,Spikeings,vspikeings4t@ezinearticles.com,Male,135.68.148.197
175,Cindee,Baldin,cbaldin4u@ameblo.jp,Female,123.17.38.86
176,Fremont,Fey,ffey4v@facebook.com,Male,120.72.203.221
177,Ansell,Walklott,awalklott4w@businessinsider.com,Male,40.186.253.170
178,Gradeigh,O'Collopy,gocollopy4x@bloomberg.com,Male,18.106.143.154
179,Stearne,Camble,scamble4y@army.mil,Male,199.173.174.58
180,Carola,Eveque,ceveque4z@zimbio.com,Female,202.249.131.227
181,Hasty,Marriage,hmarriage50@constantcontact.com,Male,197.114.176.5
182,Hebert,Berndsen,hberndsen51@mail.ru,Male,231.237.77.10
183,Hyatt,Picknett,hpicknett52@youku.com,Male,121.72.180.252
184,Nels,Snartt,nsnartt53@wunderground.com,Male,242.194.218.234
185,Wendi,Ellsworthe,wellsworthe54@washingtonpost.com,Female,30.170.109.2
186,Maxie,Kobierski,mkobierski55@so-net.ne.jp,Bigender,94.98.137.98
187,Beryle,Bloxsom,bbloxsom56@geocities.com,Female,16.17.236.45
188,Devonne,Lemonnier,dlemonnier57@apache.org,Female,165.53.58.195
189,Percy,Krystek,pkrystek58@g.co,Male,107.26.167.23
190,Hortensia,Laddle,hladdle59@hugedomains.com,Female,162.194.131.32
191,Fidela,Garaway,fgaraway5a@bloglovin.com,Female,117.63.16.186
192,Florida,Treneman,ftreneman5b@webnode.com,Female,62.212.236.120
193,Jasmine,Bodill,jbodill5c@chron.com,Female,8.63.158.145
194,Brinn,Kidston,bkidston5d@harvard.edu,Female,64.171.244.255
195,Bren,Riggeard,briggeard5e@google.com.au,Male,245.85.76.84
196,Rock,Leonardi,rleonardi5f@statcounter.com,Male,63.226.236.83
197,Clotilda,Tysall,ctysall5g@rambler.ru,Female,173.154.15.180
198,Valeria,Hadigate,vhadigate5h@huffingtonpost.com,Female,97.154.1.108
199,Jefferey,Ghelarducci,jghelarducci5i@ocn.ne.jp,Male,23.105.30.236
200,Calvin,Jonke,cjonke5j@yahoo.com,Male,208.23.254.229
201,Ermin,Shapera,eshapera5k@webnode.com,Agender,178.19.16.247
202,Wilmer,Bach,wbach5l@rediff.com,Male,222.139.78.80
203,Raimundo,Bayne,rbayne5m@icio.us,Male,130.120.206.196
204,Deana,Lackington,dlackington5n@shop-pro.jp,Female,221.108.20.255
205,Muffin,Labden,mlabden5o@1und1.de,Male,124.14.106.228
206,Tim,Dalgarno,tdalgarno5p@trellian.com,Female,206.91.179.212
207,Scotti,Allcock,sallcock5q@theguardian.com,Male,129.179.52.88
208,Samuele,Tynnan,stynnan5r@comcast.net,Male,93.220.83.173
209,Jaymee,Kuhndel,jkuhndel5s@csmonitor.com,Female,181.118.133.251
210,Manda,Hassard,mhassard5t@friendfeed.com,Female,254.81.127.4
211,Olivero,Froome,ofroome5u@shinystat.com,Male,84.3.144.236
212,Hercules,Aguilar,haguilar5v@shinystat.com,Male,166.87.125.5
213,Shandee,Le Houx,slehoux5w@newyorker.com,Female,216.69.27.54
214,Dur,McMylor,dmcmylor5x@diigo.com,Male,171.16.98.118
215,Ofelia,Struther,ostruther5y@arstechnica.com,Female,131.79.45.85
216,Vonnie,Iashvili,viashvili5z@miitbeian.gov.cn,Agender,7.128.116.130
217,Darla,Wakley,dwakley60@sciencedirect.com,Female,70.226.235.190
218,Siusan,Batchellor,sbatchellor61@dmoz.org,Female,108.84.62.67
219,Maddie,Eplett,meplett62@google.co.uk,Male,87.42.186.167
220,Herminia,Marnes,hmarnes63@cisco.com,Female,5.180.30.170
221,Mil,Mayhew,mmayhew64@cpanel.net,Female,64.151.105.69
222,Charity,Kimmins,ckimmins65@google.es,Female,156.210.18.130
223,Philbert,Hogbin,phogbin66@arizona.edu,Male,193.28.248.5
224,Roseann,Hollington,rhollington67@1und1.de,Non-binary,217.32.203.219
225,Jeniece,Seyler,jseyler68@drupal.org,Female,47.215.162.230
226,Rockwell,Arnau,rarnau69@hp.com,Male,163.224.66.202
227,Maren,Furse,mfurse6a@nifty.com,Female,24.203.192.87
228,Klement,Bilbery,kbilbery6b@surveymonkey.com,Male,106.200.125.186
229,Byram,Churchley,bchurchley6c@epa.gov,Male,80.192.39.10
230,Merill,Jaycocks,mjaycocks6d@geocities.com,Male,175.84.145.181
231,Zollie,Dallon,zdallon6e@about.com,Male,136.132.139.255
232,Rici,Brounfield,rbrounfield6f@constantcontact.com,Female,79.139.9.245
233,Adaline,Plewman,aplewman6g@rediff.com,Female,253.241.100.180
234,Marcie,Kidner,mkidner6h@123-reg.co.uk,Female,208.42.194.83
235,D'arcy,Leadley,dleadley6i@list-manage.com,Male,90.249.56.8
236,Clarisse,Tremollet,ctremollet6j@si.edu,Female,124.194.26.238
237,Fidelity,Jakovijevic,fjakovijevic6k@joomla.org,Female,72.145.112.104
238,Konstanze,Wisniewski,kwisniewski6l@plala.or.jp,Female,101.199.241.220
239,Jeremias,Casement,jcasement6m@naver.com,Male,57.201.5.152
240,Tallou,Donegan,tdonegan6n@smh.com.au,Female,228.58.63.235
241,Korey,Irons,kirons6o@bravesites.com,Male,139.253.114.60
242,Susan,Okenfold,sokenfold6p@123-reg.co.uk,Female,190.39.217.95
243,Wilmer,Garlick,wgarlick6q@clickbank.net,Male,18.182.136.221
244,Waneta,Geke,wgeke6r@unicef.org,Female,100.65.89.254
245,Fidelio,O'Neill,foneill6s@dot.gov,Male,248.44.133.225
246,Les,Arnholdt,larnholdt6t@edublogs.org,Male,151.189.124.241
247,Dell,Scougal,dscougal6u@netvibes.com,Male,255.157.152.23
248,Chloe,Beathem,cbeathem6v@huffingtonpost.com,Female,223.154.154.21
249,Gawen,Segeswoeth,gsegeswoeth6w@craigslist.org,Male,6.12.72.227
250,Gian,Lavington,glavington6x@people.com.cn,Male,188.70.80.92
251,Tammie,Tarburn,ttarburn6y@blogtalkradio.com,Male,243.142.55.41
252,Grayce,Dilworth,gdilworth6z@ftc.gov,Female,48.49.35.105
253,Mercedes,Hallows,mhallows70@samsung.com,Female,160.218.162.59
254,Fairleigh,Easterby,feasterby71@marriott.com,Genderfluid,96.226.250.118
255,Suzanna,Collyear,scollyear72@sogou.com,Female,60.254.171.190
256,Daloris,Lorkings,dlorkings73@odnoklassniki.ru,Female,146.141.96.77
257,Ambrosi,Batt,abatt74@nydailynews.com,Male,182.131.170.179
258,Lanette,Jeger,ljeger75@nbcnews.com,Genderfluid,86.92.157.34
259,Althea,Huonic,ahuonic76@google.co.jp,Female,116.99.168.37
260,Fionnula,Maccari,fmaccari77@wufoo.com,Genderfluid,149.247.15.11
261,Coleen,Mantrip,cmantrip78@imgur.com,Female,239.224.239.25
262,Stephan,Juszkiewicz,sjuszkiewicz79@youtube.com,Male,179.78.187.123
263,Gerrie,Croce,gcroce7a@bluehost.com,Male,195.164.219.231
264,Mercie,Saphin,msaphin7b@artisteer.com,Female,72.155.186.38
265,Guntar,Pybus,gpybus7c@blinklist.com,Male,36.138.154.88
266,Mord,Wesker,mwesker7d@comcast.net,Male,247.124.74.179
267,Quinton,Spearett,qspearett7e@imdb.com,Male,5.165.186.106
268,Toddy,Kolyagin,tkolyagin7f@addthis.com,Male,206.224.27.156
269,Graeme,Leser,gleser7g@163.com,Male,123.174.32.6
270,Janis,Attle,jattle7h@woothemes.com,Genderfluid,190.184.175.176
271,Beniamino,Scolland,bscolland7i@tiny.cc,Male,118.241.118.71
272,Cynthia,Jarred,cjarred7j@addthis.com,Female,143.118.139.36
273,Amabelle,Matuska,amatuska7k@gnu.org,Female,90.250.78.163
274,Roderigo,Fife,rfife7l@marriott.com,Male,140.34.226.55
275,Lana,Merrison,lmerrison7m@twitter.com,Female,176.193.57.89
276,Violetta,Dyet,vdyet7n@yolasite.com,Female,53.173.24.213
277,Boote,Aloway,baloway7o@nymag.com,Non-binary,155.129.137.77
278,Nicolai,Coates,ncoates7p@cloudflare.com,Male,133.14.167.211
279,Chelsea,Hance,chance7q@1688.com,Female,70.173.67.201
280,Joscelin,Skynner,jskynner7r@over-blog.com,Female,132.246.35.90
281,Doug,Leeburn,dleeburn7s@google.nl,Male,246.217.20.59
282,Myles,Fowlestone,mfowlestone7t@craigslist.org,Non-binary,73.247.247.94
283,Allard,Helling,ahelling7u@wufoo.com,Male,75.243.206.14
284,Braden,Lindblad,blindblad7v@google.de,Male,127.243.79.102
285,Roxi,Sidworth,rsidworth7w@seattletimes.com,Female,132.179.71.92
286,Alick,Peedell,apeedell7x@example.com,Male,22.120.220.83
287,Jemimah,Borres,jborres7y@tripod.com,Female,92.152.55.104
288,Aura,Felgat,afelgat7z@behance.net,Female,189.210.224.163
289,Ruperta,McKerlie,rmckerlie80@bbb.org,Female,79.239.172.115
290,Meyer,Kofax,mkofax81@goodreads.com,Male,69.104.62.253
291,Ursa,Martinson,umartinson82@wsj.com,Female,32.236.164.111
292,Wit,Teanby,wteanby83@mac.com,Male,97.231.182.94
293,Agosto,Sterling,asterling84@netscape.com,Male,86.107.157.16
294,Jerad,Henriksson,jhenriksson85@scribd.com,Male,6.145.97.64
295,Sindee,Wytchard,swytchard86@eepurl.com,Female,108.27.40.118
296,Melisandra,Vynall,mvynall87@histats.com,Female,190.236.220.207
297,Coral,Elizabeth,celizabeth88@whitehouse.gov,Female,254.40.104.95
298,Saundra,Huccaby,shuccaby89@cnet.com,Male,127.240.79.147
299,Ichabod,Sheer,isheer8a@xing.com,Male,195.60.232.251
300,Giulio,Charte,gcharte8b@bravesites.com,Male,127.74.0.180
301,Lainey,Farrance,lfarrance8c@bravesites.com,Female,74.135.87.60
302,Lucias,Ritmeyer,lritmeyer8d@nyu.edu,Male,184.27.225.240
303,Georas,Savage,gsavage8e@com.com,Male,108.76.219.173
304,Lexy,Igglesden,ligglesden8f@webnode.com,Agender,223.106.66.223
305,Sallie,Balden,sbalden8g@lycos.com,Female,98.208.74.117
306,Christoper,Tinham,ctinham8h@google.cn,Male,77.16.20.150
307,Hana,Aukland,haukland8i@goo.gl,Female,52.119.175.46
308,Frasquito,Chaffe,fchaffe8j@globo.com,Male,11.125.170.231
309,Scarlet,Gurry,sgurry8k@about.com,Female,75.152.178.96
310,Jamesy,Peepall,jpeepall8l@privacy.gov.au,Male,114.64.9.10
311,Lina,Adamides,ladamides8m@scientificamerican.com,Female,81.51.123.221
312,Oliviero,Hadwen,ohadwen8n@gnu.org,Male,95.107.18.216
313,Ulrich,McNamara,umcnamara8o@about.com,Male,106.174.175.96
314,Lavinie,Haimes,lhaimes8p@epa.gov,Genderfluid,218.23.150.45
315,Herculie,Olenchikov,holenchikov8q@gnu.org,Male,227.123.126.215
316,Gerard,McRitchie,gmcritchie8r@surveymonkey.com,Male,211.19.225.185
317,Godart,Sopp,gsopp8s@mozilla.com,Male,108.115.46.41
318,Terri,Hardan,thardan8t@ibm.com,Female,197.57.179.165
319,Lek,Oakenfield,loakenfield8u@sina.com.cn,Male,242.7.84.247
320,Shalom,Reah,sreah8v@squarespace.com,Male,105.142.172.140
321,Giffy,Wolton,gwolton8w@symantec.com,Male,122.223.0.50
322,Elmo,Sheber,esheber8x@hugedomains.com,Male,90.172.44.102
323,Anna,Hardwell,ahardwell8y@state.tx.us,Female,88.205.68.156
324,Magnum,Gillson,mgillson8z@wordpress.com,Male,154.62.6.212
325,Armstrong,Crichley,acrichley90@amazon.com,Polygender,251.12.8.32
326,Carly,Armit,carmit91@paypal.com,Female,78.155.124.232
327,Rozanna,Birtwell,rbirtwell92@google.de,Female,191.233.83.206
328,Oliver,Beadell,obeadell93@howstuffworks.com,Male,163.35.206.10
329,Robinson,Orlton,rorlton94@sitemeter.com,Male,188.208.7.43
330,Lucho,Burgett,lburgett95@tmall.com,Male,68.7.178.50
331,Massimo,Prophet,mprophet96@spotify.com,Male,56.24.24.86
332,Emili,Oertzen,eoertzen97@nytimes.com,Female,233.218.255.236
333,Gar,Jaggi,gjaggi98@amazon.com,Male,42.62.240.64
334,Aharon,Laven,alaven99@t-online.de,Male,132.62.37.155
335,Jean,Sicily,jsicily9a@ed.gov,Female,48.100.28.69
336,Abran,Tarquini,atarquini9b@trellian.com,Male,204.189.11.120
337,Siusan,Decruse,sdecruse9c@tmall.com,Female,71.210.14.84
338,Eran,Petigrew,epetigrew9d@noaa.gov,Female,162.120.5.82
339,Alec,Rowney,arowney9e@cnbc.com,Male,221.26.60.176
340,Tom,Maynard,tmaynard9f@bbb.org,Male,128.103.226.213
341,Court,Blyth,cblyth9g@jimdo.com,Male,108.53.241.19
342,Brandie,Bellis,bbellis9h@google.com.br,Female,192.128.218.249
343,Christan,Heardman,cheardman9i@businessweek.com,Polygender,116.172.30.85
344,Ogden,Partlett,opartlett9j@sciencedaily.com,Agender,216.43.187.220
345,Blinnie,Torrijos,btorrijos9k@naver.com,Female,118.101.107.27
346,Heddie,Carnoghan,hcarnoghan9l@163.com,Female,226.26.108.212
347,Sarajane,Puttick,sputtick9m@comsenz.com,Agender,187.124.107.120
348,Lenard,Icom,licom9n@forbes.com,Male,116.32.43.3
349,Alexander,Hollow,ahollow9o@joomla.org,Male,80.195.74.121
350,Archambault,Gotliffe,agotliffe9p@unblog.fr,Male,241.141.96.54
351,Georgeanna,Gleeson,ggleeson9q@pinterest.com,Female,166.188.36.176
352,Fernandina,Edmons,fedmons9r@ustream.tv,Female,58.180.176.184
353,Claudia,Pohlak,cpohlak9s@wsj.com,Female,83.186.127.116
354,Tynan,Barreau,tbarreau9t@g.co,Male,126.67.115.148
355,Falito,Itzhaki,fitzhaki9u@multiply.com,Male,207.17.199.230
356,Adan,Kanzler,akanzler9v@opera.com,Male,243.192.18.255
357,Fidole,Esparza,fesparza9w@sohu.com,Male,9.182.71.39
358,Yuri,Braxton,ybraxton9x@soundcloud.com,Male,97.30.145.219
359,Corrine,Alcido,calcido9y@tiny.cc,Female,254.90.213.217
360,Gennifer,Blythin,gblythin9z@weather.com,Female,23.188.52.81
361,Colin,Bumford,cbumforda0@time.com,Agender,157.167.158.224
362,Alvis,Brightie,abrightiea1@drupal.org,Male,224.246.197.54
363,York,Rillett,yrilletta2@canalblog.com,Male,108.203.18.155
364,Max,Kimber,mkimbera3@icio.us,Female,76.45.192.203
365,Danya,Roder,drodera4@salon.com,Male,31.135.31.167
366,Shannah,Tweedie,stweediea5@facebook.com,Female,203.254.246.128
367,Jordain,Burkhill,jburkhilla6@globo.com,Female,182.192.192.171
368,Deonne,Stonman,dstonmana7@arizona.edu,Female,197.123.3.222
369,Abbye,Spottswood,aspottswooda8@vk.com,Female,130.144.249.153
370,Odell,Grimmett,ogrimmetta9@icio.us,Male,71.234.18.10
371,Enos,Erskine Sandys,eerskinesandysaa@un.org,Male,221.13.112.22
372,Roselin,Fores,rforesab@spiegel.de,Female,104.146.203.211
373,Rodi,Gibbeson,rgibbesonac@thetimes.co.uk,Female,1.136.207.9
374,Nigel,Shalcras,nshalcrasad@topsy.com,Male,49.142.18.196
375,Alexandre,Curror,acurrorae@omniture.com,Male,177.5.102.84
376,Adi,Severns,asevernsaf@ezinearticles.com,Female,126.58.204.164
377,Derek,Straw,dstrawag@marketwatch.com,Male,178.134.68.118
378,Lawry,Overthrow,loverthrowah@bandcamp.com,Male,182.59.8.249
379,Lonee,Oganian,loganianai@un.org,Female,116.59.135.108
380,Pen,Gatus,pgatusaj@ezinearticles.com,Female,75.143.145.138
381,Hermy,Kidner,hkidnerak@utexas.edu,Male,146.254.62.116
382,Jenica,O'Shea,josheaal@cornell.edu,Female,88.1.69.116
383,Iorgos,Riply,iriplyam@paginegialle.it,Male,104.117.15.100
384,Derrick,Barrand,dbarrandan@spiegel.de,Male,84.87.144.6
385,Querida,Corneil,qcorneilao@aboutads.info,Female,199.24.89.214
386,Maryrose,Spindler,mspindlerap@bandcamp.com,Female,63.76.23.167
387,Maxi,Seiter,mseiteraq@linkedin.com,Female,236.119.195.30
388,Aloysia,Eble,aeblear@posterous.com,Female,35.38.223.96
389,Rodrique,Howieson,rhowiesonas@rambler.ru,Male,32.75.36.22
390,Adlai,Whapham,awhaphamat@theglobeandmail.com,Male,104.192.110.241
391,Lanie,Luca,llucaau@usnews.com,Male,174.107.79.244
392,Mikkel,Renfield,mrenfieldav@reverbnation.com,Male,71.59.125.87
393,Guss,Lukasik,glukasikaw@newyorker.com,Male,5.58.114.182
394,Der,Malby,dmalbyax@mit.edu,Male,6.96.146.235
395,Simonette,Lavis,slavisay@163.com,Female,28.101.146.155
396,Ronald,Mersey,rmerseyaz@upenn.edu,Male,59.44.78.55
397,Raine,Schober,rschoberb0@youtu.be,Female,97.108.169.148
398,Obadiah,Charity,ocharityb1@prweb.com,Male,253.28.96.143
399,Patric,Bennellick,pbennellickb2@disqus.com,Male,214.23.99.103
400,Siusan,Seagood,sseagoodb3@google.com.br,Female,180.145.167.26
401,Bradly,Milton,bmiltonb4@altervista.org,Male,125.100.72.249
402,Nichol,Melarkey,nmelarkeyb5@hud.gov,Female,234.208.38.51
403,Dyanne,Aldin,daldinb6@webnode.com,Female,115.123.19.27
404,Denny,Allardyce,dallardyceb7@sun.com,Female,251.162.128.190
405,Fayette,Haps,fhapsb8@51.la,Polygender,177.170.94.115
406,Mendel,Walkinshaw,mwalkinshawb9@nps.gov,Male,15.185.21.254
407,Blaire,Sharnock,bsharnockba@cpanel.net,Female,136.109.77.41
408,Hermy,Boyne,hboynebb@lycos.com,Male,203.199.82.219
409,Barclay,Verson,bversonbc@vkontakte.ru,Male,252.147.92.180
410,Nannette,Heinke,nheinkebd@studiopress.com,Female,191.71.51.202
411,Tynan,Flann,tflannbe@google.com.hk,Non-binary,216.63.131.153
412,Nikolas,Tomaschke,ntomaschkebf@telegraph.co.uk,Male,7.62.50.96
413,Larissa,Farlham,lfarlhambg@who.int,Female,141.154.146.156
414,Obed,Akhurst,oakhurstbh@about.com,Genderqueer,172.234.217.122
415,Kaiser,Bernuzzi,kbernuzzibi@miibeian.gov.cn,Male,117.102.220.228
416,Wenona,Gornall,wgornallbj@networksolutions.com,Agender,0.90.155.235
417,Jakie,Rottery,jrotterybk@desdev.cn,Male,107.21.127.127
418,Arlan,Sudell,asudellbl@walmart.com,Male,199.163.228.106
419,Janith,Canlin,jcanlinbm@altervista.org,Female,255.207.55.79
420,Curcio,MacInerney,cmacinerneybn@flickr.com,Male,5.152.6.212
421,Juliet,Shattock,jshattockbo@hud.gov,Female,30.81.216.171
422,Rourke,Stubbs,rstubbsbp@hostgator.com,Male,232.185.0.194
423,Benito,Popplewell,bpopplewellbq@state.tx.us,Male,238.214.175.200
424,Elysee,Henricsson,ehenricssonbr@yahoo.co.jp,Female,249.158.21.4
425,Hebert,Withers,hwithersbs@i2i.jp,Genderqueer,201.100.63.209
426,Vera,Kleinplatz,vkleinplatzbt@typepad.com,Female,21.50.101.63
427,Toddy,Mazzey,tmazzeybu@freewebs.com,Non-binary,244.59.166.121
428,Almira,Giaomozzo,agiaomozzobv@ovh.net,Female,227.130.212.65
429,Minor,Tewkesberrie,mtewkesberriebw@livejournal.com,Male,76.157.246.142
430,Vasilis,Cortese,vcortesebx@marketwatch.com,Male,143.168.175.138
431,Caz,Porrett,cporrettby@joomla.org,Male,28.182.43.160
432,Neddie,Fiddian,nfiddianbz@usda.gov,Male,247.183.193.244
433,Sapphira,Piolli,spiollic0@npr.org,Female,184.176.114.19
434,Josselyn,Ludlem,jludlemc1@springer.com,Female,208.98.94.237
435,Rhiamon,Tzuker,rtzukerc2@live.com,Female,236.246.207.155
436,Tybie,Ambrosetti,tambrosettic3@google.nl,Female,64.40.140.243
437,Thatcher,Liles,tlilesc4@toplist.cz,Male,172.125.67.250
438,Sophey,Jonas,sjonasc5@newsvine.com,Female,79.59.102.207
439,Rheba,Brinsford,rbrinsfordc6@ovh.net,Female,149.183.165.74
440,Ronni,Coronas,rcoronasc7@bloomberg.com,Polygender,170.76.142.39
441,Veronique,Truin,vtruinc8@moonfruit.com,Female,188.220.29.209
442,Flss,Damp,fdampc9@biglobe.ne.jp,Female,212.190.132.185
443,Tarrah,Tofanini,ttofaninica@people.com.cn,Female,26.126.132.160
444,Cally,Debney,cdebneycb@wikimedia.org,Female,141.158.214.209
445,Nikolai,Gibbs,ngibbscc@deviantart.com,Male,158.115.188.85
446,Ardella,Seavers,aseaverscd@edublogs.org,Female,2.36.162.186
447,Darcy,Plomer,dplomerce@gmpg.org,Male,75.174.75.171
448,Madge,Goodspeed,mgoodspeedcf@google.es,Female,228.130.109.150
449,Natalee,Barbery,nbarberycg@loc.gov,Female,112.106.90.122
450,Genvieve,Patient,gpatientch@behance.net,Non-binary,83.114.73.178
451,Julissa,Routhorn,jrouthornci@google.nl,Female,104.133.211.146
452,Piggy,Elliss,pellisscj@wix.com,Male,213.232.163.119
453,Ursala,Sebire,usebireck@ow.ly,Female,3.166.220.223
454,Rutherford,Ferier,rferiercl@cbc.ca,Male,151.79.244.188
455,York,Roskeilly,yroskeillycm@mit.edu,Male,169.180.42.200
456,Mellicent,Simmonett,msimmonettcn@homestead.com,Female,151.180.16.79
457,Valentin,Saunders,vsaundersco@ifeng.com,Male,159.183.238.6
458,Phillis,Shoosmith,pshoosmithcp@wiley.com,Female,136.217.132.219
459,Damian,Burtt,dburttcq@typepad.com,Male,159.76.191.118
460,Marcelo,Branni,mbrannicr@kickstarter.com,Male,83.249.112.132
461,Amelia,Sheed,asheedcs@amazon.com,Female,16.78.216.244
462,Judon,Bramer,jbramerct@taobao.com,Male,137.229.65.13
463,Griz,Schubuser,gschubusercu@imgur.com,Male,203.157.140.179
464,Tobie,Dickerson,tdickersoncv@cyberchimps.com,Male,204.209.179.111
465,Rowland,Valentine,rvalentinecw@unesco.org,Male,164.49.98.129
466,Maureen,Finding,mfindingcx@rambler.ru,Female,89.187.85.156
467,Alvera,Martinson,amartinsoncy@mlb.com,Female,2.110.149.234
468,Neila,Delamaine,ndelamainecz@skype.com,Female,238.179.74.0
469,Daffy,Claypool,dclaypoold0@ehow.com,Female,132.58.74.70
470,Lilly,Trayford,ltrayfordd1@domainmarket.com,Non-binary,143.106.230.183
471,Debi,Rowlands,drowlandsd2@economist.com,Female,218.29.148.208
472,Monti,Marjanovic,mmarjanovicd3@state.gov,Male,212.175.228.92
473,Debera,Duckwith,dduckwithd4@symantec.com,Female,41.172.131.245
474,Kitti,Springett,kspringettd5@timesonline.co.uk,Female,110.106.65.133
475,Smitty,Allchin,sallchind6@ucla.edu,Male,59.84.175.244
476,Luise,Costi,lcostid7@i2i.jp,Female,14.237.1.239
477,Paxton,Martinec,pmartinecd8@discovery.com,Male,149.31.186.164
478,Obadiah,Cole,ocoled9@sciencedaily.com,Male,35.85.42.189
479,Viva,McGaugey,vmcgaugeyda@booking.com,Female,154.67.219.109
480,Quinn,De Maria,qdemariadb@yandex.ru,Bigender,102.204.14.182
481,Collen,Edinborough,cedinboroughdc@drupal.org,Female,226.81.43.27
482,Kiley,Spurgin,kspurgindd@rakuten.co.jp,Agender,83.26.108.200
483,Brockie,Dennington,bdenningtonde@noaa.gov,Male,17.14.121.7
484,Rees,de Wilde,rdewildedf@europa.eu,Male,30.13.203.167
485,Ida,Roake,iroakedg@studiopress.com,Female,208.7.169.84
486,Truda,Crawshaw,tcrawshawdh@cornell.edu,Female,19.226.51.59
487,Lela,Banker,lbankerdi@irs.gov,Female,27.56.116.12
488,Griffith,Mapes,gmapesdj@usda.gov,Male,195.252.203.231
489,Arney,Vennart,avennartdk@blinklist.com,Male,28.202.113.101
490,Channa,Izak,cizakdl@wikimedia.org,Female,153.204.202.158
491,Ginger,Cattlemull,gcattlemulldm@wikimedia.org,Female,216.201.144.43
492,Alick,Cholomin,acholomindn@wordpress.com,Male,131.230.165.139
493,Kerby,Stansall,kstansalldo@bing.com,Male,31.177.179.177
494,Tod,Frankis,tfrankisdp@freewebs.com,Male,135.1.142.168
495,Vittoria,Storah,vstorahdq@vk.com,Genderfluid,105.213.234.150
496,Lisbeth,Guerner,lguernerdr@skyrock.com,Female,143.250.196.133
497,Emilio,Hanshaw,ehanshawds@ft.com,Male,80.93.7.27
498,Pebrook,Kingcott,pkingcottdt@slideshare.net,Male,246.96.105.221
499,Holly-anne,Rude,hrudedu@bigcartel.com,Female,72.84.231.170
500,Hildagarde,Cometson,hcometsondv@flavors.me,Female,223.245.95.199
501,Bucky,Goddard,bgoddarddw@berkeley.edu,Male,1.231.75.28
502,Sholom,Hallewell,shallewelldx@rakuten.co.jp,Male,15.5.220.83
503,Bucky,Ianelli,bianellidy@ifeng.com,Male,107.114.173.56
504,Marabel,Dy,mdydz@accuweather.com,Female,45.19.63.32
505,Rourke,Wilshere,rwilsheree0@springer.com,Genderfluid,3.88.164.72
506,Isa,Cupper,icuppere1@earthlink.net,Bigender,213.122.237.50
507,Alana,Giacoppoli,agiacoppolie2@rediff.com,Female,245.169.30.248
508,Ophelie,Olden,ooldene3@wired.com,Female,187.78.156.138
509,Randie,Hallgate,rhallgatee4@joomla.org,Male,238.146.224.21
510,Tommi,Hamberston,thamberstone5@twitpic.com,Female,105.39.10.156
511,Abbe,Ishak,aishake6@privacy.gov.au,Female,135.8.172.78
512,Rosalia,Davydenko,rdavydenkoe7@cdbaby.com,Female,194.70.127.131
513,Charyl,Pevreal,cpevreale8@alibaba.com,Female,253.7.106.3
514,Staffard,Madrell,smadrelle9@intel.com,Male,141.194.31.14
515,Hersch,Biernat,hbiernatea@zdnet.com,Male,170.238.244.85
516,Reggi,Gonnely,rgonnelyeb@oaic.gov.au,Female,0.231.186.171
517,Abigale,Phil,aphilec@comsenz.com,Female,71.195.22.215
518,Kizzee,Vanes,kvanesed@tripod.com,Female,25.202.101.41
519,Leontine,Gyer,lgyeree@globo.com,Female,117.233.242.195
520,Sim,Baynton,sbayntonef@webmd.com,Male,123.244.21.205
521,Jesselyn,Gylle,jgylleeg@nytimes.com,Female,232.72.138.13
522,Holden,Edinborough,hedinborougheh@dailymail.co.uk,Male,227.157.83.35
523,Margo,Early,mearlyei@craigslist.org,Female,98.93.247.234
524,Nonah,Dye,ndyeej@shareasale.com,Female,182.93.134.104
525,Saunderson,Weblin,sweblinek@wiley.com,Male,70.74.228.91
526,Christie,Nicol,cnicolel@auda.org.au,Male,7.137.55.141
527,Etta,Kidder,ekidderem@blogger.com,Genderqueer,54.189.23.139
528,Madonna,Giffon,mgiffonen@wikipedia.org,Female,83.217.242.226
529,Jan,Bremner,jbremnereo@barnesandnoble.com,Male,72.232.36.160
530,Nikolos,MacLure,nmaclureep@google.co.jp,Male,18.255.83.129
531,Ciel,Nisard,cnisardeq@simplemachines.org,Female,188.161.228.150
532,Susette,Braam,sbraamer@macromedia.com,Female,78.231.250.77
533,Dalis,Whitemarsh,dwhitemarshes@abc.net.au,Male,168.113.240.77
534,Dinnie,Bartolacci,dbartolacciet@berkeley.edu,Female,206.218.173.74
535,Guenna,Maxwaile,gmaxwaileeu@parallels.com,Female,46.102.178.158
536,Wylma,Ryan,wryanev@disqus.com,Female,17.168.143.150
537,Glori,Dulanty,gdulantyew@so-net.ne.jp,Female,59.84.19.78
538,Norah,Cornels,ncornelsex@t.co,Female,15.72.113.58
539,Hedvig,Haskins,hhaskinsey@google.cn,Female,207.130.141.92
540,Faye,Jirek,fjirekez@ehow.com,Genderqueer,229.8.22.206
541,Perry,Delgadillo,pdelgadillof0@aboutads.info,Female,20.131.34.158
542,Rosetta,Hutchings,rhutchingsf1@stumbleupon.com,Female,225.189.11.8
543,Quint,Lesslie,qlesslief2@nasa.gov,Male,229.123.88.41
544,Jeniece,Trawin,jtrawinf3@shop-pro.jp,Female,158.196.136.159
545,Mahmoud,Neumann,mneumannf4@indiegogo.com,Male,162.127.68.46
546,Kym,Roobottom,kroobottomf5@wsj.com,Female,76.149.47.228
547,Cy,Championnet,cchampionnetf6@de.vu,Male,231.157.95.172
548,Brietta,Warder,bwarderf7@gizmodo.com,Female,169.98.157.101
549,Rodney,Blowin,rblowinf8@blog.com,Male,16.22.179.196
550,Diannne,Gathwaite,dgathwaitef9@w3.org,Female,94.49.159.193
551,Harvey,Staples,hstaplesfa@bigcartel.com,Non-binary,139.152.32.203
552,Benn,Ryan,bryanfb@sfgate.com,Male,239.135.180.244
553,Millie,Gerrels,mgerrelsfc@nasa.gov,Female,140.113.116.63
554,Meade,Menham,mmenhamfd@ustream.tv,Female,161.133.208.214
555,Margarita,Sivorn,msivornfe@51.la,Female,24.241.7.214
556,Pepi,Caton,pcatonff@51.la,Genderfluid,222.246.20.198
557,Arte,Wilks,awilksfg@arizona.edu,Male,227.240.160.122
558,Olivero,Mordecai,omordecaifh@opensource.org,Male,38.82.55.163
559,Romola,O'dell,rodellfi@geocities.com,Female,131.197.126.144
560,Delia,Moses,dmosesfj@paginegialle.it,Female,39.174.50.121
561,Blaire,Looker,blookerfk@nationalgeographic.com,Female,176.249.133.37
562,Daren,Helleker,dhellekerfl@aboutads.info,Male,34.212.239.188
563,Eduardo,Topper,etopperfm@msn.com,Male,212.168.43.8
564,Drake,Kleynen,dkleynenfn@mit.edu,Male,66.239.56.98
565,Carita,Mullis,cmullisfo@tinypic.com,Female,189.215.19.67
566,Jerome,Cursey,jcurseyfp@theguardian.com,Male,181.26.177.44
567,Marchall,Elmes,melmesfq@latimes.com,Male,219.106.16.187
568,Marie,Lowrance,mlowrancefr@myspace.com,Female,100.26.7.24
569,Onida,Bowness,obownessfs@google.fr,Genderfluid,16.212.129.199
570,Caria,Camplen,ccamplenft@hostgator.com,Female,191.95.23.81
571,Nestor,Ransome,nransomefu@tmall.com,Male,110.133.117.71
572,Ashlen,Raddish,araddishfv@rambler.ru,Female,117.174.198.142
573,Fannie,Terrazzo,fterrazzofw@istockphoto.com,Female,5.97.111.217
574,Lane,Huggens,lhuggensfx@quantcast.com,Female,206.220.122.243
575,Caryn,Schoolcroft,cschoolcroftfy@businessweek.com,Female,167.121.250.49
576,Marve,Kennewell,mkennewellfz@mac.com,Male,117.66.177.153
577,Buck,Santi,bsantig0@mashable.com,Male,108.35.252.143
578,Barth,Purshouse,bpurshouseg1@taobao.com,Male,50.139.2.128
579,Erminia,Agent,eagentg2@etsy.com,Female,137.254.33.140
580,Cornell,Fielding,cfieldingg3@ebay.co.uk,Male,73.159.223.38
581,Ignacius,Kemball,ikemballg4@guardian.co.uk,Bigender,49.36.124.8
582,Lulu,Mixter,lmixterg5@hud.gov,Female,112.85.195.32
583,Adan,Rosa,arosag6@hexun.com,Female,87.13.250.253
584,Maribel,Harkess,mharkessg7@abc.net.au,Female,210.238.242.202
585,Marla,Stoffers,mstoffersg8@sogou.com,Female,33.193.93.198
586,Ripley,Malafe,rmalafeg9@springer.com,Male,16.13.34.134
587,Hayyim,Rosenblad,hrosenbladga@techcrunch.com,Agender,147.136.202.203
588,Rheta,Goodyer,rgoodyergb@bluehost.com,Female,92.68.31.30
589,Brig,Heustice,bheusticegc@taobao.com,Male,112.66.239.253
590,Devi,Atteridge,datteridgegd@icio.us,Female,176.56.148.199
591,Grantley,Rampage,grampagege@fema.gov,Male,128.113.129.157
592,Sheila-kathryn,Belding,sbeldinggf@google.it,Female,158.94.74.66
593,Jerrold,McAlpine,jmcalpinegg@statcounter.com,Male,123.203.182.59
594,Stafford,Morgan,smorgangh@chicagotribune.com,Male,129.94.75.252
595,Paige,Samwayes,psamwayesgi@scribd.com,Female,139.200.40.209
596,Jemima,Antrim,jantrimgj@dailymotion.com,Genderqueer,192.156.12.29
597,Benedikt,Witty,bwittygk@mail.ru,Male,177.211.90.190
598,Stephannie,Cardenas,scardenasgl@youtu.be,Bigender,119.112.152.202
599,Briny,Althrope,balthropegm@bigcartel.com,Female,182.170.139.109
600,Stormi,Crosston,scrosstongn@nhs.uk,Female,157.122.53.82
601,Clint,Bridgett,cbridgettgo@youku.com,Male,239.29.252.178
602,Oby,Lant,olantgp@miitbeian.gov.cn,Male,34.67.80.108
603,Lorin,McKune,lmckunegq@upenn.edu,Male,231.111.92.141
604,Stormi,Sprigings,ssprigingsgr@cornell.edu,Female,68.13.57.203
605,Ilsa,Harwin,iharwings@dailymail.co.uk,Female,47.113.173.47
606,Hillel,Perschke,hperschkegt@cpanel.net,Male,71.167.44.22
607,Colver,Kunc,ckuncgu@godaddy.com,Male,23.158.41.117
608,Vicki,Kilalea,vkilaleagv@diigo.com,Bigender,230.201.97.157
609,Almeta,Pococke,apocockegw@house.gov,Female,43.67.206.83
610,Caty,Folland,cfollandgx@ustream.tv,Agender,35.197.130.123
611,Georgeta,Willwood,gwillwoodgy@desdev.cn,Female,106.97.242.208
612,Cecile,Djokovic,cdjokovicgz@feedburner.com,Female,115.108.215.34
613,Royall,Remer,rremerh0@sakura.ne.jp,Male,224.155.26.135
614,Hi,Spridgen,hspridgenh1@goo.ne.jp,Male,133.60.241.127
615,Collin,Cornels,ccornelsh2@sciencedaily.com,Male,192.15.24.221
616,Joshua,Tebbut,jtebbuth3@statcounter.com,Male,230.148.58.26
617,Elladine,Senecaut,esenecauth4@fc2.com,Female,130.83.84.154
618,Emile,Brock,ebrockh5@go.com,Male,20.134.112.1
619,Trip,Thams,tthamsh6@biblegateway.com,Male,155.173.254.20
620,Avictor,Pechold,apecholdh7@skyrock.com,Genderqueer,78.34.253.134
621,Mireille,Sherman,mshermanh8@etsy.com,Female,117.133.40.146
622,Shauna,Jamieson,sjamiesonh9@wordpress.org,Female,86.183.90.60
623,Clarabelle,Nono,cnonoha@yahoo.com,Female,79.32.225.143
624,Jami,McAusland,jmcauslandhb@storify.com,Female,152.231.142.223
625,Glennis,Chafney,gchafneyhc@whitehouse.gov,Female,36.143.4.143
626,Marsha,Beausang,mbeausanghd@diigo.com,Female,42.110.10.196
627,Karlotte,Arnowitz,karnowitzhe@technorati.com,Female,184.72.238.146
628,Kristal,MacTerrelly,kmacterrellyhf@latimes.com,Female,251.15.138.52
629,Corena,Stienham,cstienhamhg@google.ca,Female,33.122.46.4
630,Kirbee,Scantlebury,kscantleburyhh@cpanel.net,Female,49.156.166.33
631,Helaina,Goman,hgomanhi@yellowpages.com,Female,120.144.108.47
632,Verine,Cordey,vcordeyhj@utexas.edu,Female,203.20.191.1
633,Pauly,Wellbank,pwellbankhk@reuters.com,Female,245.249.2.235
634,Mufinella,Warboys,mwarboyshl@ow.ly,Female,236.9.112.157
635,Devora,Sertin,dsertinhm@csmonitor.com,Female,109.241.217.215
636,Lana,McCleary,lmcclearyhn@ox.ac.uk,Polygender,33.116.72.193
637,Doro,Fylan,dfylanho@opensource.org,Female,125.96.229.157
638,Vanessa,Iacoboni,viacobonihp@wikipedia.org,Female,117.44.56.2
639,Carlin,Melladew,cmelladewhq@hugedomains.com,Male,37.37.218.224
640,Berthe,Minot,bminothr@economist.com,Female,105.125.203.127
641,Erick,Ranby,eranbyhs@epa.gov,Male,96.72.162.24
642,Onfre,Pattenden,opattendenht@artisteer.com,Male,64.178.138.64
643,Pierrette,Bonhan,pbonhanhu@cnet.com,Female,6.189.154.236
644,Samara,Beazey,sbeazeyhv@microsoft.com,Female,251.5.20.74
645,Davy,Bartoszinski,dbartoszinskihw@omniture.com,Male,110.144.29.140
646,Othelia,Bamborough,obamboroughhx@topsy.com,Agender,219.222.38.140
647,Rita,Karys,rkaryshy@opensource.org,Female,240.147.88.127
648,Gay,Donaghie,gdonaghiehz@epa.gov,Agender,23.160.205.43
649,Jed,Lamblot,jlambloti0@blinklist.com,Male,172.110.252.65
650,Oberon,Lakeman,olakemani1@geocities.jp,Bigender,228.218.84.196
651,Guendolen,Danilin,gdanilini2@mozilla.org,Female,190.27.238.88
652,Brnaby,Grose,bgrosei3@a8.net,Male,2.98.132.246
653,Levey,Beauchop,lbeauchopi4@forbes.com,Male,62.252.154.208
654,Gillan,Davidovich,gdavidovichi5@umich.edu,Female,140.43.47.247
655,Sigmund,Chalcot,schalcoti6@google.cn,Male,123.73.114.97
656,Serena,Pedracci,spedraccii7@example.com,Female,137.104.141.122
657,Jeromy,Monelle,jmonellei8@amazon.de,Male,139.0.130.21
658,Lorens,Littledyke,llittledykei9@webmd.com,Male,165.251.122.178
659,Babita,Thorbon,bthorbonia@oaic.gov.au,Female,44.53.140.220
660,Madalena,Tattam,mtattamib@harvard.edu,Female,176.86.196.182
661,Ariel,Leavesley,aleavesleyic@clickbank.net,Male,98.13.81.207
662,Lay,Rattry,lrattryid@yellowpages.com,Male,198.94.153.117
663,Nicola,Paike,npaikeie@state.gov,Female,195.91.1.112
664,Bernette,Tunnoch,btunnochif@odnoklassniki.ru,Female,75.78.50.232
665,Chelsie,Rawson,crawsonig@apache.org,Female,255.124.138.217
666,Katusha,Tisor,ktisorih@unblog.fr,Female,17.34.250.212
667,Kennedy,Curwen,kcurwenii@google.com.br,Male,205.30.217.52
668,Lucius,Offord,loffordij@ibm.com,Male,168.114.166.186
669,Nessy,Duckham,nduckhamik@examiner.com,Genderfluid,141.43.123.11
670,Yoshiko,Toby,ytobyil@tiny.cc,Female,124.10.93.71
671,Hastie,Sarjent,hsarjentim@elpais.com,Male,14.26.21.154
672,Jennica,MacConnel,jmacconnelin@mozilla.org,Polygender,171.249.4.125
673,Pauly,Van Waadenburg,pvanwaadenburgio@businessinsider.com,Male,164.0.19.82
674,Joycelin,Quinell,jquinellip@wufoo.com,Female,36.251.8.227
675,Vivyanne,MacAlister,vmacalisteriq@time.com,Female,176.147.197.55
676,Mattheus,Lumber,mlumberir@eventbrite.com,Male,58.20.49.228
677,Anders,Pipes,apipesis@privacy.gov.au,Male,45.199.96.76
678,Farrell,Rusbridge,frusbridgeit@amazon.com,Male,40.45.196.145
679,Coleen,Levicount,clevicountiu@woothemes.com,Female,222.77.87.211
680,Herc,Sheeres,hsheeresiv@photobucket.com,Male,236.38.223.241
681,Dalis,Groves,dgrovesiw@imdb.com,Agender,15.173.131.36
682,Abbey,Freckingham,afreckinghamix@wufoo.com,Male,180.75.146.4
683,Orran,Barbera,obarberaiy@kickstarter.com,Male,208.177.106.139
684,Fee,Bonnin,fbonniniz@vistaprint.com,Male,203.191.131.58
685,Papageno,Krimmer,pkrimmerj0@quantcast.com,Male,66.167.238.113
686,Michaella,Nash,mnashj1@friendfeed.com,Female,3.213.176.10
687,Ursola,Pyzer,upyzerj2@tuttocitta.it,Female,194.210.30.51
688,Adena,Bru,abruj3@gnu.org,Female,101.201.58.15
689,Layton,Conre,lconrej4@icio.us,Male,46.227.246.17
690,West,Wickie,wwickiej5@ask.com,Male,29.69.157.45
691,Holt,Walkden,hwalkdenj6@soup.io,Male,184.215.251.252
692,Laurianne,Cay,lcayj7@goo.ne.jp,Female,216.13.15.218
693,Rodi,Hurlin,rhurlinj8@squarespace.com,Female,150.76.15.21
694,Cello,Fallowes,cfallowesj9@imageshack.us,Male,152.224.214.5
695,Llewellyn,Roycroft,lroycroftja@businessweek.com,Male,186.76.234.140
696,Nona,Reame,nreamejb@dell.com,Female,113.182.113.212
697,Concordia,Gostick,cgostickjc@weather.com,Female,66.47.228.96
698,Karim,Seeger,kseegerjd@ihg.com,Male,136.188.46.217
699,Rolph,O'Connor,roconnorje@indiatimes.com,Male,184.126.38.205
700,Gerri,Behneke,gbehnekejf@utexas.edu,Female,238.133.161.234
701,Sunny,Keoghan,skeoghanjg@microsoft.com,Male,115.198.93.231
702,Idalia,Cheer,icheerjh@plala.or.jp,Female,37.246.154.13
703,Derick,Sparway,dsparwayji@samsung.com,Male,111.109.152.93
704,Ava,Jakab,ajakabjj@mtv.com,Female,97.184.247.155
705,Waite,Menaul,wmenauljk@soup.io,Male,129.110.147.203
706,Averell,Compton,acomptonjl@alibaba.com,Male,243.141.59.246
707,Sukey,Camellini,scamellinijm@cmu.edu,Female,102.179.226.154
708,Oona,Harnetty,oharnettyjn@hibu.com,Female,216.200.172.35
709,Candida,Di Biagio,cdibiagiojo@amazon.co.uk,Female,60.133.240.23
710,Corrie,Zanre,czanrejp@infoseek.co.jp,Non-binary,122.225.163.69
711,Dayna,Kenen,dkenenjq@parallels.com,Female,253.63.12.169
712,Eimile,Seamer,eseamerjr@wordpress.com,Female,239.85.57.190
713,Giuseppe,Kelly,gkellyjs@paginegialle.it,Agender,176.139.227.111
714,Belita,MacAlpin,bmacalpinjt@buzzfeed.com,Female,210.34.233.117
715,Maurise,Biss,mbissju@woothemes.com,Male,207.126.45.90
716,Eloise,Hanbridge,ehanbridgejv@scribd.com,Female,210.115.63.179
717,Cazzie,Bremeyer,cbremeyerjw@eventbrite.com,Male,166.136.50.3
718,Augy,Guilloton,aguillotonjx@joomla.org,Male,122.198.123.182
719,Kingsly,Torpie,ktorpiejy@washingtonpost.com,Male,220.94.99.197
720,Lindie,Antal,lantaljz@wikimedia.org,Female,76.240.220.135
721,Brant,Pattison,bpattisonk0@about.com,Male,216.233.71.16
722,Verla,Linstead,vlinsteadk1@eventbrite.com,Female,178.233.21.209
723,Ives,Litchfield,ilitchfieldk2@unc.edu,Male,105.41.197.119
724,Marlowe,Buggy,mbuggyk3@goo.gl,Male,228.191.63.246
725,Liliane,Jori,ljorik4@amazonaws.com,Female,199.28.218.32
726,Mitchael,Milbank,mmilbankk5@taobao.com,Male,171.233.10.219
727,Ewart,Marsters,emarstersk6@skype.com,Male,12.29.112.199
728,Fiona,Allot,fallotk7@bizjournals.com,Female,77.2.79.194
729,Ebba,Demsey,edemseyk8@washingtonpost.com,Female,90.41.105.174
730,Hunfredo,Saywood,hsaywoodk9@accuweather.com,Male,61.8.197.168
731,Lawrence,Bridgens,lbridgenska@webs.com,Male,188.99.184.220
732,Rickie,McCrow,rmccrowkb@timesonline.co.uk,Female,98.198.1.217
733,Jacquette,Guerreru,jguerrerukc@pen.io,Female,189.47.167.156
734,Rafa,Takkos,rtakkoskd@istockphoto.com,Female,55.65.154.138
735,Daryn,Trawin,dtrawinke@yelp.com,Female,124.15.60.27
736,Chantalle,Rushbrooke,crushbrookekf@blogger.com,Female,72.140.113.214
737,Paulie,Allaker,pallakerkg@ted.com,Female,151.95.39.193
738,Allen,Gaddie,agaddiekh@smh.com.au,Male,31.15.182.140
739,Basile,Witt,bwittki@quantcast.com,Male,47.25.62.55
740,Nikolos,Withrop,nwithropkj@webnode.com,Male,210.110.93.205
741,Tibold,Dollar,tdollarkk@google.fr,Male,82.94.252.231
742,Haleigh,Marjoribanks,hmarjoribankskl@jalbum.net,Male,248.90.128.233
743,Darb,McGahey,dmcgaheykm@wiley.com,Female,116.104.19.176
744,Alie,Leghorn,aleghornkn@tripadvisor.com,Female,5.63.187.244
745,Herschel,Inett,hinettko@gizmodo.com,Male,97.6.102.0
746,Lorin,Crean,lcreankp@opera.com,Male,19.66.156.226
747,Nicolais,Lefridge,nlefridgekq@yahoo.co.jp,Male,206.150.246.137
748,Sterne,Lody,slodykr@goo.gl,Male,97.252.148.251
749,Carmen,Hambidge,chambidgeks@marketwatch.com,Genderqueer,6.98.126.44
750,Trevor,Codling,tcodlingkt@istockphoto.com,Male,184.153.168.100
751,Tadd,Abramovici,tabramoviciku@timesonline.co.uk,Male,13.238.108.22
752,Yehudit,Brackenbury,ybrackenburykv@usatoday.com,Male,40.170.77.177
753,Rubetta,Milbank,rmilbankkw@opensource.org,Agender,224.135.25.202
754,Denys,Fish,dfishkx@google.com.hk,Male,20.80.103.160
755,Zonnya,Crutch,zcrutchky@yellowpages.com,Female,2.228.227.244
756,Caralie,Genner,cgennerkz@about.com,Female,118.37.97.33
757,Salmon,Sauvage,ssauvagel0@devhub.com,Male,7.143.31.126
758,Demott,Kirrage,dkirragel1@who.int,Male,120.227.164.101
759,Dill,Jentzsch,djentzschl2@msn.com,Male,20.19.58.101
760,Jenna,Blackater,jblackaterl3@skyrock.com,Female,102.136.17.136
761,Darla,Christensen,dchristensenl4@technorati.com,Female,231.171.221.201
762,Billy,Yateman,byatemanl5@friendfeed.com,Male,246.1.67.123
763,Boris,Kerner,bkernerl6@nymag.com,Male,28.240.88.199
764,Fallon,Maunton,fmauntonl7@pcworld.com,Female,149.53.145.17
765,Jennette,McNeil,jmcneill8@t-online.de,Female,40.44.190.214
766,Glori,Guillot,gguillotl9@flickr.com,Female,87.176.64.59
767,Bonni,Yeld,byeldla@wix.com,Female,187.26.50.110
768,Leann,Neathway,lneathwaylb@vkontakte.ru,Female,28.104.22.253
769,Shalna,Tures,stureslc@symantec.com,Female,150.73.138.149
770,Annabel,Marchand,amarchandld@list-manage.com,Female,98.241.164.88
771,Sumner,Upton,suptonle@shop-pro.jp,Male,40.239.237.198
772,Basile,Faiers,bfaierslf@cnbc.com,Agender,177.199.168.155
773,Toni,Jane,tjanelg@barnesandnoble.com,Female,67.77.146.135
774,Darrell,Dodsworth,ddodsworthlh@cbslocal.com,Male,139.237.106.90
775,Bowie,Lukacs,blukacsli@hatena.ne.jp,Male,132.177.66.136
776,Berte,Rickerby,brickerbylj@de.vu,Female,35.200.147.181
777,Cicely,Guitton,cguittonlk@deliciousdays.com,Female,187.57.223.106
778,Terence,McGow,tmcgowll@deliciousdays.com,Male,151.15.54.35
779,Demetris,Guyver,dguyverlm@usnews.com,Female,111.232.11.113
780,Darcy,Dye,ddyeln@yolasite.com,Female,191.140.143.208
781,Normy,Bridson,nbridsonlo@usgs.gov,Male,151.15.22.12
782,Jaquenette,Rayner,jraynerlp@godaddy.com,Agender,24.25.127.233
783,Bordie,Treadgall,btreadgalllq@theguardian.com,Male,164.112.250.49
784,Dean,Vautin,dvautinlr@java.com,Male,17.28.7.103
785,Rex,Feldmark,rfeldmarkls@wp.com,Male,133.254.186.238
786,Imelda,Krzyzaniak,ikrzyzaniaklt@1688.com,Agender,89.215.130.151
787,Rodrigo,Burstowe,rburstowelu@moonfruit.com,Bigender,126.231.157.145
788,Dulcie,Sidaway,dsidawaylv@cnet.com,Female,76.134.246.110
789,Judas,Noye,jnoyelw@nyu.edu,Male,184.107.231.231
790,Wandis,Salvidge,wsalvidgelx@linkedin.com,Female,63.38.64.151
791,Arabela,Lyenyng,alyenyngly@gravatar.com,Female,62.245.93.43
792,Trisha,Knowlden,tknowldenlz@ask.com,Female,55.196.207.11
793,Quintina,Frickey,qfrickeym0@amazon.de,Female,83.112.18.134
794,Frances,Delahunty,fdelahuntym1@vinaora.com,Female,87.239.159.179
795,Vachel,Attew,vattewm2@a8.net,Male,199.116.56.143
796,Adiana,Ruddlesden,aruddlesdenm3@ox.ac.uk,Female,105.58.254.184
797,Bartlett,Heatly,bheatlym4@google.nl,Male,184.118.34.236
798,Claus,January 1st,cjanuarystm5@usa.gov,Male,236.36.154.229
799,Cassandre,Digg,cdiggm6@ask.com,Female,174.158.90.85
800,Micheil,Oehme,moehmem7@nytimes.com,Bigender,197.255.160.217
801,Letitia,Aucott,laucottm8@t.co,Female,112.218.214.231
802,Etty,Belsey,ebelseym9@wordpress.com,Female,236.67.10.80
803,Fernande,Gooke,fgookema@amazon.de,Female,61.43.77.3
804,Agosto,Dollman,adollmanmb@ifeng.com,Male,153.170.247.204
805,Dalton,Holbury,dholburymc@cyberchimps.com,Male,149.177.223.77
806,Rustie,Fazakerley,rfazakerleymd@tripadvisor.com,Male,228.31.190.130
807,Toni,Macilhench,tmacilhenchme@samsung.com,Female,28.170.82.21
808,Mildrid,Pautot,mpautotmf@parallels.com,Female,82.123.165.32
809,Adrien,McCanny,amccannymg@tumblr.com,Male,48.34.239.253
810,Robinette,Dwelling,rdwellingmh@arstechnica.com,Female,230.211.215.207
811,Stanford,Rupke,srupkemi@mozilla.org,Male,65.70.95.109
812,Abigail,Tennet,atennetmj@oaic.gov.au,Polygender,208.139.200.20
813,Beatrix,Lewton,blewtonmk@sphinn.com,Female,194.172.179.83
814,Marnie,Rutigliano,mrutiglianoml@gravatar.com,Genderfluid,194.83.31.166
815,Tillie,Agiolfinger,tagiolfingermm@bloglovin.com,Female,115.96.232.108
816,Randene,Whatley,rwhatleymn@mtv.com,Female,171.253.250.1
817,Granny,Stodhart,gstodhartmo@unblog.fr,Male,241.51.195.93
818,Dyane,Brooksbank,dbrooksbankmp@deviantart.com,Female,192.44.195.113
819,Bernardo,Ellcock,bellcockmq@ucoz.ru,Male,205.217.119.173
820,Tybalt,Marchment,tmarchmentmr@photobucket.com,Male,130.145.32.51
821,Thebault,Lockitt,tlockittms@marriott.com,Male,46.148.75.165
822,Devland,Lots,dlotsmt@marriott.com,Male,39.155.80.44
823,Margareta,Measom,mmeasommu@chronoengine.com,Female,217.36.61.197
824,Morly,Pock,mpockmv@jalbum.net,Male,136.138.109.38
825,Serge,Challes,schallesmw@furl.net,Male,15.161.52.149
826,Steffie,Steart,ssteartmx@alexa.com,Female,36.151.169.1
827,Mordy,Luckman,mluckmanmy@cisco.com,Male,200.116.58.65
828,Alastair,Endean,aendeanmz@liveinternet.ru,Male,79.222.209.65
829,Avril,Pinchon,apinchonn0@dot.gov,Female,192.218.124.55
830,Adair,Vyvyan,avyvyann1@latimes.com,Male,108.86.122.20
831,Gage,Assinder,gassindern2@goo.gl,Male,54.156.44.247
832,Cory,Cripwell,ccripwelln3@github.com,Female,118.31.45.192
833,Dominic,Feldbaum,dfeldbaumn4@pinterest.com,Male,48.201.120.78
834,Gawen,Vinter,gvintern5@indiegogo.com,Male,211.224.130.30
835,Colver,Stearndale,cstearndalen6@mediafire.com,Male,126.136.187.52
836,Karyn,MacSween,kmacsweenn7@springer.com,Female,7.53.177.123
837,Lawry,Adshead,ladsheadn8@google.com.br,Male,200.35.191.118
838,Catarina,McOwan,cmcowann9@sciencedirect.com,Female,190.196.163.28
839,Michaella,Quince,mquincena@behance.net,Female,10.43.252.12
840,Orly,Denley,odenleynb@mtv.com,Female,191.130.25.218
841,Karlie,Maddra,kmaddranc@washingtonpost.com,Female,115.192.199.28
842,Jerrome,Merryfield,jmerryfieldnd@simplemachines.org,Male,65.43.191.6
843,Gracia,Pinchbeck,gpinchbeckne@biblegateway.com,Female,99.150.214.203
844,Hanni,Bearham,hbearhamnf@fda.gov,Female,192.39.73.223
845,Sydelle,Bowland,sbowlandng@apache.org,Female,221.0.174.200
846,Dukie,Struan,dstruannh@howstuffworks.com,Male,167.226.103.190
847,Emlynne,Donnan,edonnanni@sfgate.com,Female,45.49.240.142
848,Alicea,Albrighton,aalbrightonnj@livejournal.com,Female,27.132.39.250
849,Nil,Pimmocke,npimmockenk@feedburner.com,Male,89.254.202.209
850,Gabriella,Rawlings,grawlingsnl@addthis.com,Female,72.47.121.30
851,Marj,Carsey,mcarseynm@hc360.com,Non-binary,69.246.61.238
852,Saundra,Larder,slardernn@yahoo.co.jp,Male,180.216.88.229
853,Lucien,Lowdeane,llowdeaneno@dot.gov,Male,158.236.145.147
854,Jason,Detoc,jdetocnp@huffingtonpost.com,Male,252.213.11.219
855,Parnell,Cartledge,pcartledgenq@toplist.cz,Male,88.11.199.3
856,Almeda,Trevallion,atrevallionnr@admin.ch,Female,53.111.91.17
857,Jacques,MacLachlan,jmaclachlanns@livejournal.com,Male,176.138.241.84
858,Arel,McCraw,amccrawnt@t-online.de,Male,193.176.137.38
859,Renie,Andersch,randerschnu@fc2.com,Female,23.103.151.64
860,Willyt,Trice,wtricenv@furl.net,Female,228.18.136.252
861,Ephraim,Drayson,edraysonnw@com.com,Male,24.46.15.35
862,Anetta,Fowlston,afowlstonnx@liveinternet.ru,Female,65.211.198.216
863,Olivette,Maas,omaasny@woothemes.com,Non-binary,197.222.176.148
864,Dickie,Burchnall,dburchnallnz@shinystat.com,Male,131.245.7.226
865,Waring,Kiss,wkisso0@csmonitor.com,Male,2.57.8.91
866,Ilene,Delmonti,idelmontio1@bigcartel.com,Female,115.31.18.182
867,Rubetta,Matterson,rmattersono2@icq.com,Female,238.114.1.56
868,Rabbi,Caroll,rcarollo3@japanpost.jp,Male,204.21.152.233
869,Tove,Knowller,tknowllero4@bing.com,Female,157.26.193.18
870,Taite,Gaythorpe,tgaythorpeo5@zdnet.com,Male,99.72.126.36
871,Brnaba,Westbrook,bwestbrooko6@telegraph.co.uk,Male,120.86.161.58
872,Timmie,Brigman,tbrigmano7@goo.gl,Male,50.237.255.197
873,Zabrina,Cumbes,zcumbeso8@yahoo.com,Female,98.186.198.97
874,Allegra,Stickings,astickingso9@constantcontact.com,Female,173.38.113.48
875,Garrott,Wolland,gwollandoa@upenn.edu,Male,231.75.182.103
876,Margalo,De Bischof,mdebischofob@shop-pro.jp,Female,71.34.160.109
877,Fulvia,Lahive,flahiveoc@constantcontact.com,Female,68.223.119.166
878,Bibbie,Belhomme,bbelhommeod@npr.org,Female,109.188.223.189
879,Craggy,Date,cdateoe@va.gov,Male,193.214.145.56
880,Rocky,Waldram,rwaldramof@webs.com,Male,75.182.80.222
881,Wilona,Pepperill,wpepperillog@hugedomains.com,Female,182.203.57.202
882,Dorthy,Pristnor,dpristnoroh@nytimes.com,Female,16.240.73.210
883,Stesha,Giorgeschi,sgiorgeschioi@dion.ne.jp,Female,69.97.202.188
884,Gamaliel,Poschel,gposcheloj@ted.com,Male,120.90.17.244
885,Samaria,Playfair,splayfairok@people.com.cn,Female,56.20.40.255
886,Roshelle,Doag,rdoagol@nifty.com,Polygender,207.191.100.53
887,Normy,Dady,ndadyom@youtu.be,Male,29.137.24.22
888,Ginger,Drewell,gdrewellon@abc.net.au,Genderfluid,33.155.163.176
889,Terra,Crook,tcrookoo@tmall.com,Female,99.216.116.90
890,Gwynne,Ivey,giveyop@cloudflare.com,Female,71.5.193.26
891,Jefferey,Dundendale,jdundendaleoq@amazon.com,Male,158.159.246.234
892,Rod,Riccioppo,rriccioppoor@woothemes.com,Male,32.41.146.228
893,Ebeneser,Duddy,eduddyos@4shared.com,Male,247.143.61.21
894,Brook,Cardis,bcardisot@phpbb.com,Female,101.221.167.199
895,Jens,Middup,jmiddupou@craigslist.org,Male,166.128.26.107
896,Kevina,Sterman,kstermanov@army.mil,Female,33.96.101.100
897,Perren,Pidon,ppidonow@tripadvisor.com,Male,109.209.187.210
898,Mitch,Tellenbroker,mtellenbrokerox@weibo.com,Genderqueer,14.186.6.74
899,Lorrie,McQueen,lmcqueenoy@cnn.com,Male,228.175.106.58
900,Lamar,Turmall,lturmalloz@mediafire.com,Non-binary,165.42.188.45
901,Emalia,Beckles,ebecklesp0@google.co.jp,Female,227.215.248.58
902,Candi,Elderidge,celderidgep1@list-manage.com,Female,224.123.139.43
903,Amalita,De Morena,ademorenap2@google.nl,Female,200.168.11.148
904,Margaretha,Sparshatt,msparshattp3@squarespace.com,Female,91.13.8.9
905,Mario,Dunne,mdunnep4@4shared.com,Male,194.210.44.196
906,Cris,Greenly,cgreenlyp5@java.com,Male,211.95.2.46
907,Amalle,Gavriel,agavrielp6@cnn.com,Female,92.134.70.10
908,Dieter,Lory,dloryp7@cdbaby.com,Agender,252.148.176.181
909,Brook,Ciciura,bciciurap8@marketwatch.com,Male,96.65.203.103
910,Gran,Flew,gflewp9@vistaprint.com,Male,185.82.50.181
911,Karlik,Bennet,kbennetpa@washington.edu,Male,103.242.249.157
912,Tomaso,Brise,tbrisepb@moonfruit.com,Male,198.22.118.122
913,Tabitha,Tong,ttongpc@netvibes.com,Female,192.173.184.9
914,Romola,Thackray,rthackraypd@house.gov,Female,224.108.171.135
915,Ethelind,Hedditeh,ehedditehpe@ucla.edu,Female,202.82.159.120
916,Willey,Semiraz,wsemirazpf@state.tx.us,Genderqueer,74.31.11.83
917,Xavier,Sutch,xsutchpg@army.mil,Male,101.198.81.85
918,Creighton,Lucken,cluckenph@alibaba.com,Male,213.43.180.25
919,Ira,Turnor,iturnorpi@independent.co.uk,Female,236.60.240.208
920,Curran,Cutforth,ccutforthpj@china.com.cn,Male,111.75.191.97
921,Berkley,Buck,bbuckpk@oracle.com,Male,39.30.24.103
922,Adair,Pfaff,apfaffpl@etsy.com,Male,156.211.149.220
923,Roberto,Dufaire,rdufairepm@bbc.co.uk,Male,182.194.20.158
924,Tania,Petschelt,tpetscheltpn@walmart.com,Female,63.224.73.103
925,Felike,Yakovitch,fyakovitchpo@wired.com,Male,190.226.128.101
926,Elijah,Danels,edanelspp@mysql.com,Male,121.57.191.187
927,Mathilde,Meffen,mmeffenpq@wix.com,Female,248.33.3.48
928,Umberto,Pepler,upeplerpr@wikipedia.org,Male,190.124.163.1
929,Hughie,Zoellner,hzoellnerps@miibeian.gov.cn,Male,114.233.43.243
930,Toiboid,Leek,tleekpt@bloglines.com,Male,184.60.188.227
931,Konstance,Ellerey,kellereypu@seesaa.net,Female,42.99.83.62
932,Everett,Hitcham,ehitchampv@amazon.co.jp,Male,229.207.204.12
933,Orelia,Witherington,owitheringtonpw@usgs.gov,Female,24.35.95.254
934,Herculie,Billson,hbillsonpx@gnu.org,Male,98.166.224.26
935,Arlie,Bedberry,abedberrypy@netlog.com,Female,236.104.92.120
936,Ysabel,Baiden,ybaidenpz@qq.com,Female,212.157.12.90
937,Noble,Blackborn,nblackbornq0@etsy.com,Male,55.14.168.60
938,Kiley,Clemitt,kclemittq1@photobucket.com,Female,241.49.209.246
939,Lexine,Klebes,lklebesq2@ifeng.com,Female,40.115.115.176
940,Annissa,Onion,aonionq3@a8.net,Female,194.225.213.249
941,Diannne,Toffler,dtofflerq4@eepurl.com,Female,0.236.150.181
942,Filippo,Tenny,ftennyq5@bravesites.com,Male,230.220.146.22
943,Jermaine,Cobbald,jcobbaldq6@addthis.com,Male,234.108.245.96
944,Thadeus,Vesty,tvestyq7@gmpg.org,Male,138.235.37.71
945,Clementia,Rusk,cruskq8@who.int,Female,245.88.97.15
946,Westley,Whinney,wwhinneyq9@wired.com,Male,140.219.61.241
947,Agathe,Filipowicz,afilipowiczqa@sitemeter.com,Female,44.157.159.96
948,Luciana,Bidnall,lbidnallqb@weather.com,Female,208.4.225.36
949,Emilie,Pittet,epittetqc@sciencedirect.com,Female,160.94.150.145
950,Pier,Oxterby,poxterbyqd@feedburner.com,Female,246.246.80.28
951,Glen,Farnell,gfarnellqe@wsj.com,Female,82.212.124.131
952,Duffy,Westney,dwestneyqf@vkontakte.ru,Male,15.58.91.132
953,Travers,Bloomfield,tbloomfieldqg@wiley.com,Bigender,94.139.176.148
954,Fanny,Teodori,fteodoriqh@cnbc.com,Female,74.246.209.199
955,Bob,Yukhnin,byukhninqi@hugedomains.com,Male,188.238.110.138
956,Allsun,Runham,arunhamqj@census.gov,Non-binary,108.207.104.100
957,Tonnie,Bandiera,tbandieraqk@hao123.com,Male,95.53.120.155
958,Rosalyn,Scherer,rschererql@spiegel.de,Female,132.33.55.166
959,Georgie,Ortega,gortegaqm@so-net.ne.jp,Male,26.248.45.186
960,Salomon,Senton,ssentonqn@ask.com,Non-binary,11.95.140.148
961,Blanch,Bakhrushkin,bbakhrushkinqo@wunderground.com,Female,212.59.132.245
962,Sunshine,Gulliford,sgullifordqp@bloomberg.com,Female,249.127.100.201
963,Janet,Oddie,joddieqq@1und1.de,Female,239.155.115.174
964,Doroteya,Raikes,draikesqr@zimbio.com,Non-binary,6.204.184.167
965,Ricky,Augustus,raugustusqs@stumbleupon.com,Male,108.26.86.19
966,Indira,Weatherell,iweatherellqt@nyu.edu,Female,146.13.145.26
967,Kimmi,Smiley,ksmileyqu@prnewswire.com,Female,145.240.247.225
968,Vin,Banner,vbannerqv@hud.gov,Female,53.196.34.132
969,Cristin,Frayling,cfraylingqw@uol.com.br,Female,213.177.230.204
970,Goran,Anthiftle,ganthiftleqx@istockphoto.com,Male,140.218.100.242
971,Anselma,Rourke,arourkeqy@epa.gov,Female,132.116.230.3
972,Moses,McMorran,mmcmorranqz@myspace.com,Male,206.195.51.11
973,Lorette,McAlees,lmcaleesr0@abc.net.au,Female,253.103.248.214
974,Pru,Swinney,pswinneyr1@tripod.com,Female,127.195.46.53
975,Norrie,MacPhail,nmacphailr2@salon.com,Male,153.87.90.203
976,Jodie,Eagling,jeaglingr3@ezinearticles.com,Male,247.44.204.61
977,Daryle,Kurten,dkurtenr4@1688.com,Male,152.24.183.242
978,Caryl,Franses,cfransesr5@storify.com,Female,13.191.58.228
979,Loren,Caris,lcarisr6@biblegateway.com,Male,113.147.117.218
980,Sammie,Bachura,sbachurar7@uiuc.edu,Male,75.203.250.184
981,Brad,Matczak,bmatczakr8@is.gd,Male,173.108.81.134
982,Inigo,Sugge,isugger9@t-online.de,Male,159.23.106.137
983,Davine,Dymick,ddymickra@pinterest.com,Female,43.226.101.140
984,Flint,Eggins,fegginsrb@noaa.gov,Male,65.109.128.154
985,Jedediah,Sturridge,jsturridgerc@spotify.com,Male,17.240.43.81
986,Tonye,Waistell,twaistellrd@digg.com,Female,184.3.193.149
987,Lyda,Marsh,lmarshre@a8.net,Female,183.147.231.221
988,Patin,Whiles,pwhilesrf@geocities.jp,Male,18.76.29.236
989,Sybila,Aspland,sasplandrg@clickbank.net,Female,255.89.177.216
990,Emelina,Fullegar,efullegarrh@auda.org.au,Female,88.233.57.222
991,Myrvyn,Shardlow,mshardlowri@weather.com,Male,220.163.235.14
992,Clemente,Roderick,croderickrj@cisco.com,Male,231.69.113.70
993,Mannie,Dunks,mdunksrk@geocities.com,Male,39.137.134.181
994,Delinda,Fley,dfleyrl@sina.com.cn,Female,46.212.83.16
995,Noni,Skittrell,nskittrellrm@ca.gov,Female,36.2.18.48
996,Nobie,Scare,nscarern@networkadvertising.org,Male,6.234.251.63
997,Desirae,Dowty,ddowtyro@slashdot.org,Female,56.131.107.20
998,Cindee,Knevit,cknevitrp@cnbc.com,Female,249.73.169.17
999,Laverna,Synder,lsynderrq@mayoclinic.com,Female,103.218.213.203
1000,Janaya,Poile,jpoilerr@people.com.cn,Female,97.178.248.188
